site,estimate
ALD,1.1634920634920634
BCQ,0.8793650793650793
BDT,1.2313131313131311
CBB,1.1825396825396823
HIK,1.2634538152610444
IRL,1.4015873015873015
LIS,1.1857777777777778
MAD,0.9924603174603174
MDA,1.3861111111111108
MWH,1.2531746031746032
SBH,1.1019841269841266
SDB,1.247222222222222
SFB,1.2424603174603173
TMA,1.2138888888888888
VAS,1.372222222222222
WAS,0.06666666666666665
